{
    "status": "1",
  "data": [
    {
      "id": 1,
      "templeteCategory": "Business",
      "templete": [
        {
          "frame": [
            {
              "X": "64.635",
              "Y": "501.27 ",
              "type": "background",
              "image": "https://business_1_bg_image.png",
              "width": "361.54",
              "height": "361.54"
            }
          ],
          "image": "https://business_bg_1.png",
          "thumb": "https://business_thumbnail_1.png",
          "object": [
            {
              "X": "87.9571",
              "Y": "182.7532",
              "image": "https://business_1_object_1.png",
              "width": "112.6581",
              "height": "33.2927"
            },
            {
              "X": "0",
              "Y": "199.3996",
              "image": "https://business_1_object_2.png",
              "width": "133.0211",
              "height": "313.3739"
            },
            {
              "X": "612.891",
              "Y": "398.8847",
              "image": "https://business_1_object_3.png",
              "width": "76.8946",
              "height": "96.6832"
            },
            {
              "X": "329.863",
              "Y": "508.6896",
              "image": "https://business_1_object_4.png",
              "width": "113.6001",
              "height": "62.6209"
            },
            {
              "X": "655.5895",
              "Y": "600.3988",
              "image": "https://business_1_object_5.png",
              "width": "124.1477",
              "height": "353.3037"
            },
            {
              "X": "494.2091",
              "Y": "863.4539",
              "image": "https://business_1_object_6.png",
              "width": "112.6581",
              "height": "33.2922"
            },
            {
              "X": "162.587",
              "Y": "925.212",
              "image": "https://business_1_object_7.png",
              "width": "88.1525",
              "height": "89.5457"
            },
            {
              "X": "40.0664",
              "Y": "476.7286",
              "image": "https://business_1_object_8.png",
              "width": "403.3936",
              "height": "403.3713"
            }
          ],
          "content": [
            {
              "text": "LIVE WEBINAR",
              "color": "#303030",
              "fontSize": "23",
              "fontType": "Roboto Regular",
              "positionX": "631.8535",
              "positionY": "95.8772"
            },
            {
              "text": "GREAT BUSINESS",
              "color": "#414042",
              "fontSize": "62",
              "fontType": "Roboto Bold",
              "positionX": "490.5928",
              "positionY": "154.5654"
            },
            {
              "text": "Lorem ipsum dolor sit amet, consectetuer adipiscing\nelit, sed diam nonummy nibh euismod tincidunt ut\nlaoreet dolore magna aliquam erat volutpat. Ut wisi",
              "color": "#303030",
              "fontSize": "20",
              "fontType": "Roboto Light",
              "positionX": "506.2363",
              "positionY": "242.0132"
            },
            {
              "text": "www.yourwebsite.in",
              "color": "#58595b",
              "fontSize": "23",
              "fontType": "Roboto Regular",
              "positionX": "628.3037",
              "positionY": "311.1155"
            }
          ]
        },
        {
          "frame": [
            {
              "X": "62.5484",
              "Y": "304.648",
              "type": "background",
              "image": "https://",
              "width": "350.5648",
              "height": "350.5648"
            }
          ],
          "image": "https://",
          "thumb": "https://",
          "object": [
            {
              "X": "43.8579",
              "Y": "35.5354",	
              "image": "https://",
              "width": "78.344",
              "height": "39.1064"
            },
            {
              "X": "52.3605",
              "Y": "286.9479",
              "image": "https://",
              "width": "49.1106",
              "height": "49.1107"
            },
            {
              "X": "608.5885",
              "Y": "309.8532",
              "image": "https://",
              "width": "122.0043",
              "height": "60.9"
            },
	          {
              "X": "54.7789",
              "Y": "757.493",	
              "image": "https://",
              "width": "64.8842",
              "height": "129.9853"
            },
            {
              "X": "654.0906",
              "Y": "905.9931",
              "image": "https://",
              "width": "57.8797",
              "height": "57.8797"
            },
            {
              "X": "44.94",
              "Y": "287.19",
              "image": "https://",
              "width": "385.78",
              "height": "385.78"
            }
          ],
          "content": [
            {
              "text": "REAL STATE",
              "color": "#ffffff",
              "fontSize": "60",
              "fontType": "Montserrat Black",
              "positionX": "301.6606",
              "positionY": "146.7976"
            },
            {
              "text": "ELEGANT HOME",
              "color": "#eaab50",
              "fontSize": "60",
              "fontType": "Montserrat Black",
              "positionX": "292.2817",
              "positionY": "204.2507"
            },
            {
              "text": "WE OFFER YOU",
              "color": "#ffffff",
              "fontSize": "55",
              "fontType": "Montserrat Black",
              "positionX": "532.4319",
              "positionY": "684.749"
            },
            {
              "text": "Lorem ipsum dolor sit amet, consectetuer\nadipiscing elit, sed diam nonummy nibh\neuismod tincidunt ut laoreet.",
              "color": "#ffffff",
              "fontSize": "21",
              "fontType": "Montserrat Regular",
              "positionX": "524.0727",
              "positionY": "814.0306"
            },
            {
              "text": "WWW.YOURSITE.COM",
              "color": "#ffffff",
              "fontSize": "30",
              "fontType": "Montserrat Regular",
              "positionX": "393.7942",
              "positionY": "1031.9263"
            }
          ]
        },
        {
          "frame": [
            {
              "X": "341.5295",
              "Y": "0.4502",
              "type": "background",
              "image": "https://",
              "width": "438.0405",
              "height": "1079.0995"
            }
          ],
          "image": "https://",
          "thumb": "https://",
          "object": [
            {
              "X": "43.774",
              "Y": "45.3457",	
              "image": "https://",
              "width": "60.3214",
              "height": "80.4694"
            },
            {
              "X": "463.8",
              "Y": "0",
              "image": "https://",
              "width": "168.28",
              "height": "153.45"
            },
            {
              "X": "321.0433",
              "Y": "997.934",
              "image": "https://",
              "width": "107.5977",
              "height": "82.066"
            }
            ],
          "content": [
            {
              "text": "Grow Your",
              "color": "#ffffff",
              "fontSize": "44",
              "fontType": "Montserrat Light",
              "positionX": "196.4951",
              "positionY": "282.8074"
            },
            {
              "text": "Business\nProject",
              "color": "#ffffff",
              "fontSize": "70",
              "fontType": "Montserrat Bold",
              "positionX": "194.4526",
              "positionY": "392.6809"
            },
            {
              "text": "Great\nsolutions",
              "color": "#353535",
              "fontSize": "35",
              "fontType": "Montserrat SemiBold",
              "positionX": "120.8486",
              "positionY": "642.9629"
            },
            {
              "text": "Lorem ipsum dolor sit amet, consectetuer\nadipiscing elit, sed diam nonummy nibh\neuismod tincidunt ut la dolor sit.",
              "color": "#353535",
              "fontSize": "14",
              "fontType": "Montserrat Regular",
              "positionX": "191.7288",
              "positionY": "724.6122"
            },
            {
              "text": "Call us +34 333 55 232",
              "color": "#353535",
              "fontSize": "27",
              "fontType": "Montserrat SemiBold",
              "positionX": "189.9314",
              "positionY": "848.998"
            },
            {
              "text": "P 320 Street, NY",
              "color": "#353535",
              "fontSize": "17",
              "fontType": "Montserrat SemiBold",
              "positionX": "121.1418",
              "positionY": "878.043"
            },
            {
              "text": "info@company.com",
              "color": "#353535",
              "fontSize": "20",
              "fontType": "Montserrat Regular",
              "positionX": "163.2771",
              "positionY": "986.3232"
            }
          ]
        },
        {
          "frame": [
            {
              "X": "279.3",
              "Y": "0",
              "type": "background",
              "image": "https://",
              "width": "500.7",
              "height": "639.324"
            }
          ],
          "image": "https://",
          "thumb": "https://",
          "object": [
            {
              "X": "60.458",
              "Y": "175.8248",	
              "image": "https://",
              "width": "67.7642",
              "height": "74.7697"
            },
            {
              "X": "70.19",
              "Y": "0",
              "image": "https://",
              "width": "332.81",
              "height": "184.1183"
            },
            {
              "X": "228.97",
              "Y": "0",
              "image": "https://",
              "width": "551.03",
              "height": "689.66"
            },
            {
              "X": "258.3166",
              "Y": "316.9299",	
              "image": "https://",
              "width": "193.94",
              "height": "193.94"
            },
            {
              "X": "447.55",
              "Y": "931.9713",
              "image": "https://",
              "width": "296.05",
              "height": "148.0287"
            }
            ],
          "content": [
            {
              "text": "Business\nsolutions",
              "color": "#3e3e3e",
              "fontSize": "65",
              "fontType": "Montserrat Bold",
              "positionX": "262.04",
              "positionY": "590.8762"
            },
            {
              "text": "Lorem ipsum dolor sit amet, consectetuer\nadipiscing elit, sed diam nonummy nibh\neuismod tincidunt ut laoreet dolore magna \naliquam erat volutpat.",
              "color": "#3e3e3e",
              "fontSize": "21",
              "fontType": "Montserrat Regular",
              "positionX": "312.4489",
              "positionY": "737.6046"
            },
            {
              "text": "November 30th - 9:00 AM",
              "color": "#3e3e3e",
              "fontSize": "25",
              "fontType": "Montserrat Bold",
              "positionX": "231.5115",
              "positionY": "970.1279"
            },
            {
              "text": "www.yoursite.com",
              "color": "#3e3e3e",
              "fontSize": "22",
              "fontType": "Montserrat Regular",
              "positionX": "165.4512",
              "positionY": "999.9668"
            }
          ]
        },
        {
          "frame": [
            {
              "X": "340.3873",
              "Y": "200.7895",
              "type": "background",
              "image": "https://",
              "width": "439.6127",
              "height": "787.0105"
            }
          ],
          "image": "https://",
          "thumb": "https://",
          "object": [
            {
              "X": "492.5",
              "Y": "54.9",	
              "image": "https://",
              "width": "51.11",
              "height": "51.75"
            },
            {
              "X": "34.3778",
              "Y": "671.8834",
              "image": "https://",
              "width": "230.4432",
              "height": "52.5671"
            },
            {
              "X": "33.2075",
              "Y": "802.7739",
              "image": "https://",
              "width": "64.9441",
              "height": "64.9443"
            },
	        {
              "X": "152.0905",
              "Y": "802.7739",	
              "image": "https://",
              "width": "64.9438",
              "height": "64.9443"
            },
            {
              "X": "268.2068",
              "Y": "802.7739",
              "image": "https://",
              "width": "64.9438",
              "height": "64.9443"
            },
            {
              "X": "33.17",
              "Y": "959.74",
              "image": "https://",
              "width": "78.51",
              "height": "82.6251"
            }
          ],
          "content": [
            {
              "text": "Marketing",
              "color": "#ffffff",
              "fontSize": "20",
              "fontType": "Montserrat Bold",
              "positionX": "645.9121",
              "positionY": "69.821"
            },
            {
              "text": "Tagline Goes Here",
              "color": "#ffffff",
              "fontSize": "18",
              "fontType": "Montserrat Regular",
              "positionX": "640.9312",
              "positionY": "99.2388"
            },
            {
              "text": "WE Are",
              "color": "#ffffff",
              "fontSize": "46",
              "fontType": "Montserrat Light",
              "positionX": "118.3259",
              "positionY": "249.0654"
            },
            {
              "text": "Creative",
              "color": "#ffffff",
              "fontSize": "64",
              "fontType": "Montserrat Medium",
              "positionX": "160.7183",
              "positionY": "315.4214"
            },
            {
              "text": "Marketing",
              "color": "#ffffff",
              "fontSize": "70",
              "fontType": "Montserrat ExtraBold",
              "positionX": "258.4485",
              "positionY": "393.5239"
            },
            {
              "text": "Agency",
              "color": "#ffffff",
              "fontSize": "64",
              "fontType": "Montserrat SemiBold",
              "positionX": "154.3823",
              "positionY": "474.7402"
            },
            {
              "text": "Share Your Ideas\nwith the World",
              "color": "#ffffff",
              "fontSize": "29",
              "fontType": "Montserrat Medium",
              "positionX": "158.8459",
              "positionY": "579.1396"
            },
            {
              "text": "Learn More",
              "color": "#ffffff",
              "fontSize": "25",
              "fontType": "Montserrat Bold",
              "positionX": "149.5996",
              "positionY": "698.0923"
            },
            {
              "text": "Visit our website for more",
              "color": "#ffffff",
              "fontSize": "20",
              "fontType": "Montserrat Medium",
              "positionX": "268.7024",
              "positionY": "988.8223"
            },
            {
              "text": "www.website.com",
              "color": "#ffffff",
              "fontSize": "28",
              "fontType": "Montserrat Medium",
              "positionX": "268.3152",
              "positionY": "1016.4263"
            }
          ]
        },
        {
          "frame": [
            {
              "X": "71.1471",
              "Y": "39.0645",
              "type": "background",
              "image": "https://",
              "width": "402.4343",
              "height": "402.1482"
            }
          ],
          "image": "https://",
          "thumb": "https://",
          "object": [
            {
              "X": "0",
              "Y": "0",	
              "image": "https://",
              "width": "150.37",
              "height": "208.5"
            },
            {
              "X": "55.1",
              "Y": "23.03",
              "image": "https://",
              "width": "434.53",
              "height": "434.22"
            },
            {
              "X": "4.3588",
              "Y": "556.8515",
              "image": "https://",
              "width": "77.5525",
              "height": "119.9592"
            },
	        {
              "X": "494.3532",
              "Y": "594.5846",	
              "image": "https://",
              "width": "254.1123",
              "height": "3.1163"
            },
            {
              "X": "277.008",
              "Y": "878.9873",
              "image": "https://",
              "width": "225.9839",
              "height": "45.5363"
            }
          ],
          "content": [
            {
              "text": "Digital",
              "color": "#414042",
              "fontSize": "58",
              "fontType": "Montserrat ExtraBold",
              "positionX": "648.0894",
              "positionY": "393.0254"
            },
            {
              "text": "MARKETING",
              "color": "#6559a6",
              "fontSize": "58",
              "fontType": "Montserrat ExtraBold",
              "positionX": "565.7173",
              "positionY": "465.0264"
            },
            {
              "text": "AGENCY",
              "color": "#6559a6",
              "fontSize": "58",
              "fontType": "Montserrat ExtraBold",
              "positionX": "621.4312",
              "positionY": "537.0256"
            },
            {
              "text": "Lorem ipsum dolor sit amet, consectetuer\nadipiscing elit, sed diam nonummy nibh\neuismod tincidunt ut laoreet dolore ",
              "color": "#414042",
              "fontSize": "20",
              "fontType": "Montserrat Regular",
              "positionX": "538.1365",
              "positionY": "666.6396"
            },
            {
              "text": "UP TO         %",
              "color": "#414042",
              "fontSize": "35",
              "fontType": "Montserrat Regular",
              "positionX": "638.0898",
              "positionY": "768.1089"
            },
            {
              "text": "50",
              "color": "#6559a6",
              "fontSize": "58",
              "fontType": "Montserrat Bold",
              "positionX": "681.3364",
              "positionY": "761.4473"
            },
            {
              "text": "DISCOUNT",
              "color": "#414042",
              "fontSize": "38",
              "fontType": "Montserrat Bold",
              "positionX": "639.2368",
              "positionY": "813.4829"
            },
            {
              "text": "Learn More",
              "color": "#ffffff",
              "fontSize": "25",
              "fontType": "Montserrat Bold",
              "positionX": "390.918",
              "positionY": "903.6299"
            },
            {
              "text": "More information call us",
              "color": "#414042",
              "fontSize": "20",
              "fontType": "Montserrat Medium",
              "positionX": "199.7058",
              "positionY": "984.5508"
            },
            {
              "text": "000 123 456 789",
              "color": "#6559a6",
              "fontSize": "28",
              "fontType": "Montserrat Bold",
              "positionX": "198.9197",
              "positionY": "1014.7153"
            },
            {
              "text": "Visit Our Website",
              "color": "#414042",
              "fontSize": "25",
              "fontType": "Montserrat Medium",
              "positionX": "588.2803",
              "positionY": "987.4756"
            },
            {
              "text": "www.website.com",
              "color": "#6559a6",
              "fontSize": "28",
              "fontType": "Montserrat Bold",
              "positionX": "589.3442",
              "positionY": "1014.563"
            }
          ]
        },
        {
          "frame": [
            {
              "X": "0",
              "Y": "402.36",
              "type": "background",
              "image": "https://",
              "width": "483.21",
              "height": "677.64"
            }
          ],
          "image": "https://",
          "thumb": "https://",
          "object": [
            {
              "X": "28.8289",
              "Y": "87.6411",	
              "image": "https://",
              "width": "20.56",
              "height": "457.857"
            },
            {
              "X": "0",
              "Y": "396.91",
              "image": "https://",
              "width": "486.54",
              "height": "683.09"
            },
            {
              "X": "242.3583",
              "Y": "414.0313",
              "image": "https://",
              "width": "515.6943",
              "height": "69.9911"
            },
	        {
              "X": "440.7343",
              "Y": "775.3787",	
              "image": "https://",
              "width": "306.0456",
              "height": "164.365"
            }
          ],
          "content": [
            {
              "text": "STARTUP",
              "color": "#414042",
              "fontSize": "70",
              "fontType": "Montserrat ExtraBold",
              "positionX": "523.1038",
              "positionY": "169.4058"
            },
            {
              "text": "ONLINE",
              "color": "#f7941d",
              "fontSize": "60",
              "fontType": "Montserrat SemiBold",
              "positionX": "586.1045",
              "positionY": "251.4084"
            },
            {
              "text": "STRATEGY",
              "color": "#414042",
              "fontSize": "70",
              "fontType": "Montserrat ExtraBold",
              "positionX": "493.95",
              "positionY": "332.8384"
            },
            {
              "text": "19TH DECEMBER   8:00-17:00",
              "color": "#f7941d",
              "fontSize": "28",
              "fontType": "Montserrat Medium",
              "positionX": "501.9839",
              "positionY": "451.0825"
            },
            {
              "text": "RESERVE YOUR SPOT!",
              "color": "#414042",
              "fontSize": "25",
              "fontType": "Montserrat Medium",
              "positionX": "589.3184",
              "positionY": "537.6123"
            }
          ]
        },
        {
          "frame": [
            {
              "X": "0",
              "Y": "0",
              "type": "background",
              "image": "https://",
              "width": "533.2775",
              "height": "531.52"
            }
          ],
          "image": "https://",
          "thumb": "https://",
          "object": [
            {
              "X": "645.0386",
              "Y": "132.7775",	
              "image": "https://",
              "width": "118.9832",
              "height": "109.8937"
            },
            {
              "X": "487.6854",
              "Y": "642.3787",
              "image": "https://",
              "width": "123.0493",
              "height": "123.0493"
            },
            {
              "X": "45.973",
              "Y": "745.0186",
              "image": "https://",
              "width": "328.8068",
              "height": "3.5719"
            }
          ],
          "content": [
            {
              "text": "live\nwebinar",
              "color": "#ffffff",
              "fontSize": "45",
              "fontType": "Montserrat SemiBold",
              "positionX": "624.3882",
              "positionY": "355.3752"
            },
            {
              "text": "21 jan",
              "color": "#00a79d",
              "fontSize": "60",
              "fontType": "Montserrat Regular",
              "positionX": "645.1909",
              "positionY": "439.9797"
            },
            {
              "text": "10 AM - 12 AM",
              "color": "#ffffff",
              "fontSize": "20",
              "fontType": "Montserrat Regular",
              "positionX": "665.4307",
              "positionY": "484.5671"
            },
            {
              "text": "BOOST YOUR\nBUSINESS",
              "color": "#414042",
              "fontSize": "75",
              "fontType": "Montserrat SemiBold",
              "positionX": "298.8047",
              "positionY": "649.8213"
            },
            {
              "text": "$19",
              "color": "#ffffff",
              "fontSize": "55",
              "fontType": "Montserrat Medium",
              "positionX": "547.8955",
              "positionY": "707.8271"
            },
            {
              "text": "Lorem ipsum dolor sit amet, consectetuer\nadipiscing elit, sed diam",
              "color": "#414042",
              "fontSize": "20",
              "fontType": "Montserrat Medium",
              "positionX": "259.8379",
              "positionY": "802.1279"
            },
            {
              "text": "Hosted by",
              "color": "#414042",
              "fontSize": "20",
              "fontType": "Montserrat SemiBold",
              "positionX": "104.9175",
              "positionY": "937.583"
            },
            {
              "text": "THOMAS WILLIAM",
              "color": "#00a79d",
              "fontSize": "30",
              "fontType": "Montserrat Medium",
              "positionX": "186.0874",
              "positionY": "988.0825"
            },
            {
              "text": "VFX Artist & Filmaker",
              "color": "#414042",
              "fontSize": "20",
              "fontType": "Montserrat Medium",
              "positionX": "166.6797",
              "positionY": "1028.0947"
            },
            {
              "text": "Call Now!\n393 474 2331 44",
              "color": "#ffffff",
              "fontSize": "30",
              "fontType": "Montserrat SemiBold",
              "positionX": "580.8711",
              "positionY": "911.5718"
            },
            {
              "text": "www.yourwebsite.com",
              "color": "#ffffff",
              "fontSize": "14",
              "fontType": "Montserrat SemiBold",
              "positionX": "644.5459",
              "positionY": "1037.9043"
            }
          ]
        },
        {
          "frame": [
            {
              "X": "0",
              "Y": "120.3992",
              "type": "background",
              "image": "https://",
              "width": "363.3399",
              "height": "676.2971"
            }
          ],
          "image": "https://",
          "thumb": "https://",
          "object": [
            {
              "X": "361.0839",
              "Y": "37.1586",	
              "image": "https://",
              "width": "167.8437",
              "height": "166.4809"
            },
            {
              "X": "118.9169",
              "Y": "541.5939",
              "image": "https://",
              "width": "326.0888",
              "height": "323.4416"
            }
          ],
          "content": [
            {
              "text": "Business",
              "color": "#27aae1",
              "fontSize": "78",
              "fontType": "Montserrat Bold",
              "positionX": "574.4187",
              "positionY": "185.5813"
            },
            {
              "text": "Webinar",
              "color": "#27373f",
              "fontSize": "78",
              "fontType": "Montserrat Bold",
              "positionX": "582.3999",
              "positionY": "268.5286"
            },
            {
              "text": "Run a business\non social media",
              "color": "#27aae1",
              "fontSize": "35",
              "fontType": "Montserrat SemiBold",
              "positionX": "615.8779",
              "positionY": "379.873"
            },
            {
              "text": "Lorem ipsum dolor sit amet,\nconsectetuer adipiscing elit, sed\ndiam nonummy nibh euismod.",
              "color": "#27373f",
              "fontSize": "20",
              "fontType": "Montserrat Regular",
              "positionX": "593.4111",
              "positionY": "470.5667"
            },
            {
              "text": "Speakers",
              "color": "#27aae1",
              "fontSize": "35",
              "fontType": "Montserrat Bold",
              "positionX": "673.5874",
              "positionY": "560.4253"
            },
            {
              "text": "Alirio Pinzon",
              "color": "#27373f",
              "fontSize": "25",
              "fontType": "Montserrat SemiBold",
              "positionX": "676.064",
              "positionY": "620.1221"
            },
            {
              "text": "BUSINESS PARTNER",
              "color": "#27aae1",
              "fontSize": "15",
              "fontType": "Montserrat Medium",
              "positionX": "679.5229",
              "positionY": "646.4336"
            },
            {
              "text": "Gerardo Quiroga",
              "color": "#27373f",
              "fontSize": "25",
              "fontType": "Montserrat SemiBold",
              "positionX": "650.1904",
              "positionY": "703.4141"
            },
            {
              "text": "SOCIAL MEDIA MANAGER",
              "color": "#27aae1",
              "fontSize": "15",
              "fontType": "Montserrat Medium",
              "positionX": "657.9961",
              "positionY": "729.7246"
            },
            {
              "text": "Saturday,\nDecember 16",
              "color": "#27373f",
              "fontSize": "35",
              "fontType": "Montserrat ExtraBold",
              "positionX": "183.5955",
              "positionY": "896.5259"
            },
            {
              "text": "7:00 - 10:00 P.M.",
              "color": "#ffffff",
              "fontSize": "20",
              "fontType": "Montserrat SemiBold",
              "positionX": "157.5459",
              "positionY": "950.9893"
            },
            {
              "text": "Visit our website",
              "color": "#27373f",
              "fontSize": "29",
              "fontType": "Montserrat SemiBold",
              "positionX": "635.6797",
              "positionY": "993.915"
            },
            {
              "text": "www.company.com",
              "color": "#ffffff",
              "fontSize": "22",
              "fontType": "Montserrat Medium",
              "positionX": "649.5854",
              "positionY": "1024.5146"
            }
          ]
        },
        {
          "frame": [
            {
              "X": "390.2695",
              "Y": "227.6869",
              "type": "background",
              "image": "https://",
              "width": "389.7305",
              "height": "724.9344"
            }
          ],
          "image": "https://",
          "thumb": "https://",
          "object": [
            {
              "X": "36.4941",
              "Y": "622.0773",	
              "image": "https://",
              "width": "58.0984",
              "height": "53.5905"
            },
            {
              "X": "36.4941",
              "Y": "721.4184",
              "image": "https://",
              "width": "58.7945",
              "height": "58.7945"
            },
            {
              "X": "236.7753",
              "Y": "699.5115",
              "image": "https://",
              "width": "175.5874",
              "height": "179.6885"
            },
            {
              "X": "36.4941",
              "Y": "968.9684",
              "image": "https://",
              "width": "262.9613",
              "height": "51.2561"
            }
          ],
          "content": [
            {
              "text": "Business",
              "color": "#ffffff",
              "fontSize": "10",
              "fontType": "Montserrat Regular",
              "positionX": "217.6167",
              "positionY": "124.5786"
            },
            {
              "text": "CONFERENCE",
              "color": "#ffffff",
              "fontSize": "70",
              "fontType": "Montserrat Bold",
              "positionX": "291.9209",
              "positionY": "207.0024"
            },
            {
              "text": "webinar",
              "color": "#f9ed32",
              "fontSize": "100",
              "fontType": "Montserrat SemiBold",
              "positionX": "247.1416",
              "positionY": "292.4214"
            },
            {
              "text": "Lorem ipsum dolor sit amet,\nconsectetuer adipiscing elit,\nsed diam nonummy nibh euismod\ntincidunt ut laoreet dolore magna.",
              "color": "#ffffff",
              "fontSize": "18",
              "fontType": "Montserrat SemiBold",
              "positionX": "198.9331",
              "positionY": "460.1416"
            },
            {
              "text": "DEC\n17",
              "color": "#f9ed32",
              "fontSize": "25",
              "fontType": "Montserrat Bold",
              "positionX": "160.0566",
              "positionY": "653.3135"
            },
            {
              "text": "10\nAM",
              "color": "#f9ed32",
              "fontSize": "25",
              "fontType": "Montserrat Bold",
              "positionX": "155.6821",
              "positionY": "748.1611"
            },
            {
              "text": "CONTACT US FOR REGISTER",
              "color": "#ffffff",
              "fontSize": "18",
              "fontType": "Montserrat SemiBold",
              "positionX": "167.4695",
              "positionY": "947.9321"
            },
            {
              "text": "+123 456789",
              "color": "#f9ed32",
              "fontSize": "30",
              "fontType": "Montserrat Bold",
              "positionX": "166.217",
              "positionY": "996.3794"
            }
          ]
        },
    {
      "id": 2,
      "templeteCategory": "Birthday",
      "templete": [
        {
          "frame": [
            {
              "X": "64.635",
              "Y": "501.27 ",
              "type": "background",
              "image": "https://raw.githubusercontent.com/HardikKotadiya16/Wallpaper/main/Templete/Business/templete1/image.png",
              "width": "361.54",
              "height": "361.54"
            }
          ],
          "image": "https://raw.githubusercontent.com/HardikKotadiya16/Wallpaper/main/Templete/Business/templete1/background.png",
          "thumb": "https://raw.githubusercontent.com/HardikKotadiya16/Wallpaper/main/Templete/Business/templete1/thumbnail.png",
          "object": [
            {
              "X": "87.9571",
              "Y": "182.7532",
              "image": "https://raw.githubusercontent.com/HardikKotadiya16/Wallpaper/main/Templete/Business/templete1/images/object_2.png",
              "width": "112.6581",
              "height": "33.2927"
            },
            {
              "X": "0",
              "Y": "199.3996",
              "image": "https://raw.githubusercontent.com/HardikKotadiya16/Wallpaper/main/Templete/Business/templete1/images/object_3.png",
              "width": "133.0211",
              "height": "313.3739"
            },
            {
              "X": "612.891",
              "Y": "398.8847",
              "image": "https://raw.githubusercontent.com/HardikKotadiya16/Wallpaper/main/Templete/Business/templete1/images/object_4.png",
              "width": "76.8946",
              "height": "96.6832"
            },
            {
              "X": "329.863",
              "Y": "508.6896",
              "image": "https://raw.githubusercontent.com/HardikKotadiya16/Wallpaper/main/Templete/Business/templete1/images/object_5.png",
              "width": "113.6001",
              "height": "62.6209"
            },
            {
              "X": "655.5895",
              "Y": "600.3988",
              "image": "https://raw.githubusercontent.com/HardikKotadiya16/Wallpaper/main/Templete/Business/templete1/images/object_6.png",
              "width": "124.1477",
              "height": "353.3037"
            },
            {
              "X": "494.2091",
              "Y": "863.4539",
              "image": "https://raw.githubusercontent.com/HardikKotadiya16/Wallpaper/main/Templete/Business/templete1/images/object_7.png",
              "width": "112.6581",
              "height": "33.2922"
            },
            {
              "X": "162.587",
              "Y": "925.212",
              "image": "https://raw.githubusercontent.com/HardikKotadiya16/Wallpaper/main/Templete/Business/templete1/images/object_8.png",
              "width": "88.1525",
              "height": "89.5457"
            },
            {
              "X": "40.0664",
              "Y": "476.7286",
              "image": "https://raw.githubusercontent.com/HardikKotadiya16/Wallpaper/main/Templete/Business/templete1/images/object_9.png",
              "width": "403.3936",
              "height": "403.3713"
            }
          ],
          "content": [
            {
              "text": "LIVE WEBINAR",
              "color": "#303030",
              "fontSize": "23",
              "fontType": "Roboto Regular",
              "positionX": "631.8535",
              "positionY": "95.8772"
            },
            {
              "text": "GREAT BUSINESS",
              "color": "#414042",
              "fontSize": "62",
              "fontType": "Roboto Bold",
              "positionX": "490.5928",
              "positionY": "154.5654"
            },
            {
              "text": "Lorem ipsum dolor sit amet, consectetuer adipiscing\nelit, sed diam nonummy nibh euismod tincidunt ut\nlaoreet dolore magna aliquam erat volutpat. Ut wisi",
              "color": "#303030",
              "fontSize": "20",
              "fontType": "Roboto Light",
              "positionX": "506.2363",
              "positionY": "242.0132"
            },
            {
              "text": "www.yourwebsite.in",
              "color": "#58595b",
              "fontSize": "23",
              "fontType": "Roboto Regular",
              "positionX": "630.5957",
              "positionY": "311.2659"
            }
          ]
        },
        {
          "frame": [
            {
              "X": "341.5295",
              "Y": "0.4502",
              "type": "background",
              "image": "https://raw.githubusercontent.com/HardikKotadiya16/Wallpaper/main/Templete/Business/templete2/image.png",
              "width": "438.0405",
              "height": "1079.0995"
            }
          ],
          "image": "https://raw.githubusercontent.com/HardikKotadiya16/Wallpaper/main/Templete/Business/templete2/background.png",
          "thumb": "https://raw.githubusercontent.com/HardikKotadiya16/Wallpaper/main/Templete/Business/templete2/thumbnail.png",
          "object": [
            {
              "X": "43.774",
              "Y": "45.3457",
              "image": "https://raw.githubusercontent.com/HardikKotadiya16/Wallpaper/main/Templete/Business/templete2/images/object_1.png",
              "width": "60.3214",
              "height": "80.4694"
            },
            {
              "X": "463.8",
              "Y": "0",
              "image": "https://raw.githubusercontent.com/HardikKotadiya16/Wallpaper/main/Templete/Business/templete2/images/object_2.png",
              "width": "168.28",
              "height": "153.45"
            },
            {
              "X": "321.0433",
              "Y": "997.934",
              "image": "https://raw.githubusercontent.com/HardikKotadiya16/Wallpaper/main/Templete/Business/templete2/images/object_3.png",
              "width": "107.5977",
              "height": "82.066"
            }
          ],
          "content": [
            {
              "text": "Company",
              "color": "#353535",
              "fontSize": "25",
              "fontType": "Montserrat SemiBold",
              "positionX": "177.8333",
              "positionY": "97.2542"
            },
            {
              "text": "Grow Your",
              "color": "#ffffff",
              "fontSize": "44",
              "fontType": "Montserrat Light",
              "positionX": "196.4951",
              "positionY": "282.8074"
            },
            {
              "text": "Business\nProject",
              "color": "#ffffff",
              "fontSize": "70",
              "fontType": "Montserrat Bold",
              "positionX": "194.4526",
              "positionY": "392.6809"
            },
            {
              "text": "Great solutions",
              "color": "#353535",
              "fontSize": "35",
              "fontType": "Montserrat SemiBold",
              "positionX": "120.8486",
              "positionY": "642.9629"
            },
            {
              "text": "Lorem ipsum dolor sit amet, consectetuer\nadipiscing elit, sed diam nonummy nibh\neuismod tincidunt ut la dolor sit.",
              "color": "#353535",
              "fontSize": "14",
              "fontType": "Montserrat Regular",
              "positionX": "191.7288",
              "positionY": "724.6122"
            },
            {
              "text": "Call us +34 333 55 232",
              "color": "#353535",
              "fontSize": "27",
              "fontType": "Montserrat SemiBold",
              "positionX": "189.9321",
              "positionY": "848.998"
            },
            {
              "text": "P 320 Street, NY",
              "color": "#353535",
              "fontSize": "17",
              "fontType": "Montserrat SemiBold",
              "positionX": "121.1418",
              "positionY": "878.043"
            },
            {
              "text": "info@company.com",
              "color": "#353535",
              "fontSize": "20",
              "fontType": "Montserrat Regular",
              "positionX": "163.2771",
              "positionY": "986.3232"
            }
          ]
        }
      ]
    }
  ]
}
]
}